,0
0,https://www.immoweb.be/en/classified/house/for-sale/seraing-jemeppe-sur-meuse/4101/9306164?searchId=60ae0aff421e4
1,https://www.immoweb.be/en/classified/farmhouse/for-sale/vielsalm/6690/9327728?searchId=60ae0aff421e4
2,https://www.immoweb.be/en/classified/house/for-sale/mont-sainte-aldegonde/7141/9204400?searchId=60ae0aff421e4
3,https://www.immoweb.be/en/classified/house/for-sale/genappe/1470/9287486?searchId=60ae0aff421e4
4,https://www.immoweb.be/en/classified/house/for-sale/fontaine-valmont/6567/9311739?searchId=60ae0aff421e4
5,https://www.immoweb.be/en/classified/house/for-sale/denderleeuw/9470/9297867?searchId=60ae0aff421e4
6,https://www.immoweb.be/en/classified/house/for-sale/sainte-marie-sur-semois/6740/9191047?searchId=60ae0aff421e4
7,https://www.immoweb.be/en/classified/house/for-sale/musson/6750/9257347?searchId=60ae0aff421e4
8,https://www.immoweb.be/en/classified/house/for-sale/seneffe/7180/9181118?searchId=60ae0aff421e4
9,https://www.immoweb.be/en/classified/house/for-sale/sint-eloois-vijve/8793/8541065?searchId=60ae0aff421e4
10,https://www.immoweb.be/en/classified/house/for-sale/binche/7130/9194206?searchId=60ae0aff421e4
11,https://www.immoweb.be/en/classified/house/for-sale/morlanwelz-mariemont/7140/9180260?searchId=60ae0aff421e4
12,https://www.immoweb.be/en/classified/house/for-sale/saint-nicolas/4420/9195638?searchId=60ae0aff421e4
13,https://www.immoweb.be/en/classified/house/for-sale/merksem/2170/9171684?searchId=60ae0aff421e4
14,https://www.immoweb.be/en/classified/house/for-sale/liege-chenee/4032/9270554?searchId=60ae0aff421e4
15,https://www.immoweb.be/en/classified/house/for-sale/wichelen/9260/9314861?searchId=60ae0aff421e4
16,https://www.immoweb.be/en/classified/house/for-sale/orp-le-grand/1350/9303187?searchId=60ae0aff421e4
17,https://www.immoweb.be/en/classified/house/for-sale/hyon/7022/9267455?searchId=60ae0aff421e4
18,https://www.immoweb.be/en/classified/house/for-sale/lodelinsart/6042/9275682?searchId=60ae0aff421e4
19,https://www.immoweb.be/en/classified/house/for-sale/courcelles-trazegnies/6183/8915009?searchId=60ae0aff421e4
20,https://www.immoweb.be/en/classified/house/for-sale/mouscron/7700/9201135?searchId=60ae0aff421e4
21,https://www.immoweb.be/en/classified/town-house/for-sale/flemalle/4400/9211719?searchId=60ae0aff421e4
22,https://www.immoweb.be/en/classified/house/for-sale/charleroi-jumet/6040/9165036?searchId=60ae0aff421e4
23,https://www.immoweb.be/en/classified/house/for-sale/auvelais/5060/8991969?searchId=60ae0aff421e4
24,https://www.immoweb.be/en/classified/house/for-sale/charleroi/6000/9193102?searchId=60ae0aff421e4
25,https://www.immoweb.be/en/classified/house/for-sale/charleroi/6001/9155416?searchId=60ae0aff421e4
26,https://www.immoweb.be/en/classified/house/for-sale/courcelles/6183/9169315?searchId=60ae0aff421e4
27,https://www.immoweb.be/en/classified/house/for-sale/oudenaarde/9700/9214595?searchId=60ae0aff421e4
28,https://www.immoweb.be/en/classified/apartment-block/for-sale/tournai/7500/9000398?searchId=60ae0aff421e4
29,https://www.immoweb.be/en/classified/house/for-sale/eeklo/9900/9192131?searchId=60ae0aff421e4
