,link
0,https://www.immoweb.be/en/classified/house/for-sale/woluwe-saint-pierre/1150/9343689?searchId=60af93d27367e
1,https://www.immoweb.be/en/classified/house/for-sale/gembloux/5030/9349562?searchId=60af93d27367e
2,https://www.immoweb.be/en/classified/house/for-sale/leuven/3000/9351036?searchId=60af93d27367e
3,https://www.immoweb.be/en/classified/house/for-sale/sint-pieters-leeuw/1600/9350975?searchId=60af93d27367e
4,https://www.immoweb.be/en/classified/house/for-sale/bas-oha/4520/9348962?searchId=60af93d27367e
5,https://www.immoweb.be/en/classified/villa/for-sale/bas-oha/4520/9348960?searchId=60af93d27367e
6,https://www.immoweb.be/en/classified/house/for-sale/uccle/1180/9310971?searchId=60af93d27367e
7,https://www.immoweb.be/en/classified/house/for-sale/wemmel/1780/9348673?searchId=60af93d27367e
8,https://www.immoweb.be/en/classified/mansion/for-sale/woluwe-saint-lambert/1200/9135743?searchId=60af93d27367e
9,https://www.immoweb.be/en/classified/new-real-estate-project-houses/for-sale/boom/2850/9345882?searchId=60af93d27367e
10,https://www.immoweb.be/en/classified/villa/for-sale/ronse/9600/9345851?searchId=60af93d27367e
11,https://www.immoweb.be/en/classified/new-real-estate-project-houses/for-sale/walhain/1457/9321916?searchId=60af93d27367e
12,https://www.immoweb.be/en/classified/villa/for-sale/ninove/9400/9345267?searchId=60af93d27367e
13,https://www.immoweb.be/en/classified/exceptional-property/for-sale/bertem/3060/9345791?searchId=60af93d27367e
14,https://www.immoweb.be/en/classified/house/for-sale/soumagne/4630/9349484?searchId=60af93d27367e
15,https://www.immoweb.be/en/classified/mixed-use-building/for-sale/asse/1730/9349366?searchId=60af93d27367e
16,https://www.immoweb.be/en/classified/house/for-sale/ronse/9600/9343488?searchId=60af93d27367e
17,https://www.immoweb.be/en/classified/new-real-estate-project-houses/for-sale/gent/9000/9344686?searchId=60af93d27367e
18,https://www.immoweb.be/en/classified/house/for-sale/bonheiden/2820/9344078?searchId=60af93d27367e
19,https://www.immoweb.be/en/classified/apartment-block/for-sale/ixelles/1050/9342922?searchId=60af93d27367e
20,https://www.immoweb.be/en/classified/house/for-sale/outrelouxhe/4577/9348538?searchId=60af93d27367e
21,https://www.immoweb.be/en/classified/house/for-sale/braives/4260/9348534?searchId=60af93d27367e
22,https://www.immoweb.be/en/classified/house/for-sale/oudenaarde/9700/9348359?searchId=60af93d27367e
23,https://www.immoweb.be/en/classified/mansion/for-sale/forest/1190/9348129?searchId=60af93d27367e
24,https://www.immoweb.be/en/classified/new-real-estate-project-houses/for-sale/seneffe/7180/9342160?searchId=60af93d27367e
25,https://www.immoweb.be/en/classified/new-real-estate-project-houses/for-sale/jodoigne/1370/9340969?searchId=60af93d27367e
26,https://www.immoweb.be/en/classified/house/for-sale/ronse/9600/9338162?searchId=60af93d27367e
27,https://www.immoweb.be/en/classified/house/for-sale/watermael-boitsfort/1170/9339468?searchId=60af93d27367e
28,https://www.immoweb.be/en/classified/house/for-sale/waregem/8790/9346379?searchId=60af93d27367e
29,https://www.immoweb.be/en/classified/mansion/for-sale/ronse/9600/9336442?searchId=60af93d27367e
30,https://www.immoweb.be/en/classified/apartment-block/for-sale/anderlecht/1070/9336295?searchId=60af93d602429
31,https://www.immoweb.be/en/classified/house/for-sale/ronse/9600/9337513?searchId=60af93d602429
32,https://www.immoweb.be/en/classified/house/for-sale/bruxelles/1000/9345363?searchId=60af93d602429
33,https://www.immoweb.be/en/classified/house/for-sale/schaerbeek/1030/9345362?searchId=60af93d602429
34,https://www.immoweb.be/en/classified/house/for-sale/frasnes-lez-buissenal/7911/9349564?searchId=60af93d602429
35,https://www.immoweb.be/en/classified/bungalow/for-sale/berloz/4257/9334208?searchId=60af93d602429
36,https://www.immoweb.be/en/classified/exceptional-property/for-sale/hoeilaart/1560/9128392?searchId=60af93d602429
37,https://www.immoweb.be/en/classified/house/for-sale/boom/2850/9344107?searchId=60af93d602429
38,https://www.immoweb.be/en/classified/house/for-sale/etterbeek/1040/9343390?searchId=60af93d602429
39,https://www.immoweb.be/en/classified/house/for-sale/woluwe-saint-pierre/1150/9343515?searchId=60af93d602429
40,https://www.immoweb.be/en/classified/house/for-sale/saint-josse-ten-noode/1210/9342921?searchId=60af93d602429
41,https://www.immoweb.be/en/classified/house/for-sale/dentergem/8720/9348121?searchId=60af93d602429
42,https://www.immoweb.be/en/classified/house/for-sale/seilles/5300/9351840?searchId=60af93d602429
43,https://www.immoweb.be/en/classified/house/for-sale/dilbeek/1701/9260699?searchId=60af93d602429
44,https://www.immoweb.be/en/classified/house/for-sale/ronse/9600/9333988?searchId=60af93d602429
45,https://www.immoweb.be/en/classified/house/for-sale/lessines/7860/9340740?searchId=60af93d602429
46,https://www.immoweb.be/en/classified/house/for-sale/ninove/9404/9340507?searchId=60af93d602429
47,https://www.immoweb.be/en/classified/house/for-sale/dilbeek/1700/9340542?searchId=60af93d602429
48,https://www.immoweb.be/en/classified/villa/for-sale/braine-lalleud/1420/9340826?searchId=60af93d602429
49,https://www.immoweb.be/en/classified/villa/for-sale/andenne-seilles/5300/9349513?searchId=60af93d602429
50,https://www.immoweb.be/en/classified/house/for-sale/marchin/4570/9349781?searchId=60af93d602429
51,https://www.immoweb.be/en/classified/mansion/for-sale/sint-agatha-berchem/1082/9351109?searchId=60af93d602429
52,https://www.immoweb.be/en/classified/house/for-sale/bruxelles/1000/9349839?searchId=60af93d602429
53,https://www.immoweb.be/en/classified/house/for-sale/woluwe-saint-pierre/1150/9349411?searchId=60af93d602429
54,https://www.immoweb.be/en/classified/mansion/for-sale/ronse/9600/9338718?searchId=60af93d602429
55,https://www.immoweb.be/en/classified/house/for-sale/groot-bijgaarden/1702/9338520?searchId=60af93d602429
56,https://www.immoweb.be/en/classified/house/for-sale/mechelen/2800/9339992?searchId=60af93d602429
57,https://www.immoweb.be/en/classified/apartment-block/for-sale/kapelle-op-den-bos/1880/9338713?searchId=60af93d602429
58,https://www.immoweb.be/en/classified/house/for-sale/huccorgne/4520/9342911?searchId=60af93d602429
59,https://www.immoweb.be/en/classified/house/for-sale/virton-ethe/6760/9334301?searchId=60af93d602429
60,https://www.immoweb.be/en/classified/mixed-use-building/for-sale/ternat-sint-katherina-lombeek/1742/9348992?searchId=60af93de4f215
61,https://www.immoweb.be/en/classified/mixed-use-building/for-sale/saint-hubert/6870/9331732?searchId=60af93de4f215
62,https://www.immoweb.be/en/classified/house/for-sale/laeken/1020/9332649?searchId=60af93de4f215
63,https://www.immoweb.be/en/classified/house/for-sale/woluwe-saint-pierre/1150/9331939?searchId=60af93de4f215
64,https://www.immoweb.be/en/classified/house/for-sale/huy/4500/9210288?searchId=60af93de4f215
65,https://www.immoweb.be/en/classified/bungalow/for-sale/huy/4500/9210285?searchId=60af93de4f215
66,https://www.immoweb.be/en/classified/house/for-sale/waregem/8790/9336422?searchId=60af93de4f215
67,https://www.immoweb.be/en/classified/house/for-sale/dilbeek/1700/9336176?searchId=60af93de4f215
68,https://www.immoweb.be/en/classified/house/for-sale/auderghem/1160/9336980?searchId=60af93de4f215
69,https://www.immoweb.be/en/classified/house/for-sale/herne/1540/9299154?searchId=60af93de4f215
70,https://www.immoweb.be/en/classified/house/for-sale/sint-pieters-kapelle/1541/9108718?searchId=60af93de4f215
71,https://www.immoweb.be/en/classified/house/for-sale/lasne/1380/9336181?searchId=60af93de4f215
72,https://www.immoweb.be/en/classified/house/for-sale/schaerbeek/1030/9345680?searchId=60af93de4f215
73,https://www.immoweb.be/en/classified/chalet/for-sale/bouillon-dohan/6836/9346926?searchId=60af93de4f215
74,https://www.immoweb.be/en/classified/apartment-block/for-sale/chiny/6810/9346928?searchId=60af93de4f215
75,https://www.immoweb.be/en/classified/apartment/for-sale/auderghem/1160/9350555?searchId=60af93e679195
76,https://www.immoweb.be/en/classified/apartment/for-sale/molenbeek-st-jean/1080/9351916?searchId=60af93e679195
77,https://www.immoweb.be/en/classified/new-real-estate-project-apartments/for-sale/ixelles/1050/9350900?searchId=60af93e679195
78,https://www.immoweb.be/en/classified/apartment/for-sale/liege-jupillesur-meuse/4020/9349516?searchId=60af93e679195
79,https://www.immoweb.be/en/classified/apartment/for-sale/wanze/4520/9350925?searchId=60af93e679195
80,https://www.immoweb.be/en/classified/apartment/for-sale/wanze/4520/9350926?searchId=60af93e679195
81,https://www.immoweb.be/en/classified/apartment/for-sale/evere/1140/9350407?searchId=60af93e679195
82,https://www.immoweb.be/en/classified/apartment/for-sale/forest/1190/9349571?searchId=60af93e679195
83,https://www.immoweb.be/en/classified/new-real-estate-project-apartments/for-sale/gent/9000/9351359?searchId=60af93e679195
84,https://www.immoweb.be/en/classified/apartment/for-sale/gent/9000/9350422?searchId=60af93e679195
85,https://www.immoweb.be/en/classified/new-real-estate-project-apartments/for-sale/gent/9000/9351360?searchId=60af93e679195
86,https://www.immoweb.be/en/classified/new-real-estate-project-apartments/for-sale/etterbeek/1040/9349493?searchId=60af93e679195
87,https://www.immoweb.be/en/classified/apartment/for-sale/woluwe-st-pierre/1150/9350596?searchId=60af93e679195
88,https://www.immoweb.be/en/classified/apartment/for-sale/libin/6890/9346925?searchId=60af93e679195
89,https://www.immoweb.be/en/classified/new-real-estate-project-apartments/for-sale/wielsbeke/8710/8603832?searchId=60af93e679195
90,https://www.immoweb.be/en/classified/new-real-estate-project-apartments/for-sale/mortsel/2640/9348403?searchId=60af93e679195
91,https://www.immoweb.be/en/classified/penthouse/for-sale/woluwe-saint-lambert/1200/9348575?searchId=60af93e679195
92,https://www.immoweb.be/en/classified/apartment/for-sale/gent/9000/9347068?searchId=60af93e679195
93,https://www.immoweb.be/en/classified/apartment/for-sale/gent/9000/9346747?searchId=60af93e679195
94,https://www.immoweb.be/en/classified/apartment/for-sale/gent/9000/9346707?searchId=60af93e679195
95,https://www.immoweb.be/en/classified/apartment/for-sale/ixelles/1050/9346804?searchId=60af93e679195
96,https://www.immoweb.be/en/classified/apartment/for-sale/ixelles/1050/9351513?searchId=60af93e679195
97,https://www.immoweb.be/en/classified/apartment/for-sale/ixelles/1050/9351511?searchId=60af93e679195
98,https://www.immoweb.be/en/classified/apartment/for-sale/schaerbeek/1030/9351516?searchId=60af93e679195
99,https://www.immoweb.be/en/classified/apartment/for-sale/ixelles/1050/9351504?searchId=60af93e679195
100,https://www.immoweb.be/en/classified/penthouse/for-sale/ixelles/1050/9351514?searchId=60af93e679195
101,https://www.immoweb.be/en/classified/apartment/for-sale/uccle/1180/9351533?searchId=60af93e679195
102,https://www.immoweb.be/en/classified/apartment/for-sale/vilvoorde/1800/9345519?searchId=60af93e679195
103,https://www.immoweb.be/en/classified/flat-studio/for-sale/blankenberge/8370/9345916?searchId=60af93e679195
104,https://www.immoweb.be/en/classified/new-real-estate-project-apartments/for-sale/eghezee/5310/9322112?searchId=60af93e679195
105,https://www.immoweb.be/en/classified/new-real-estate-project-apartments/for-sale/gembloux/5030/9322105?searchId=60af93ef07861
106,https://www.immoweb.be/en/classified/new-real-estate-project-apartments/for-sale/genappe/1470/9322026?searchId=60af93ef07861
107,https://www.immoweb.be/en/classified/penthouse/for-sale/auderghem/1160/9345237?searchId=60af93ef07861
108,https://www.immoweb.be/en/classified/apartment/for-sale/liege/4000/9344822?searchId=60af93ef07861
109,https://www.immoweb.be/en/classified/apartment/for-sale/anvers-1/2018/9273252?searchId=60af93ef07861
110,https://www.immoweb.be/en/classified/apartment/for-sale/gent/9000/9346260?searchId=60af93ef07861
111,https://www.immoweb.be/en/classified/kot/for-sale/kessel-lo/3010/9350123?searchId=60af93ef07861
112,https://www.immoweb.be/en/classified/apartment/for-sale/hannut/4280/9350282?searchId=60af93ef07861
113,https://www.immoweb.be/en/classified/flat-studio/for-sale/etterbeek/1040/9349174?searchId=60af93ef07861
114,https://www.immoweb.be/en/classified/new-real-estate-project-apartments/for-sale/roeselare/8800/9343934?searchId=60af93ef07861
115,https://www.immoweb.be/en/classified/new-real-estate-project-apartments/for-sale/gooik/1755/9344503?searchId=60af93ef07861
116,https://www.immoweb.be/en/classified/apartment/for-sale/etterbeek/1040/9343294?searchId=60af93ef07861
117,https://www.immoweb.be/en/classified/apartment/for-sale/woluwe-saint-lambert/1200/9342899?searchId=60af93ef07861
118,https://www.immoweb.be/en/classified/apartment/for-sale/buggenhout/9255/9343831?searchId=60af93ef07861
119,https://www.immoweb.be/en/classified/apartment/for-sale/blankenberge/8370/9344499?searchId=60af93ef07861
120,https://www.immoweb.be/en/classified/apartment/for-sale/brussels-city/1000/9344516?searchId=60af93ef07861
121,https://www.immoweb.be/en/classified/apartment/for-sale/ixelles/1050/9333411?searchId=60af93ef07861
122,https://www.immoweb.be/en/classified/apartment/for-sale/gent/9000/9348093?searchId=60af93ef07861
123,https://www.immoweb.be/en/classified/duplex/for-sale/anderlecht/1070/9347632?searchId=60af93ef07861
124,https://www.immoweb.be/en/classified/apartment/for-sale/ixelles/1050/9348648?searchId=60af93ef07861
125,https://www.immoweb.be/en/classified/new-real-estate-project-apartments/for-sale/bruxelles/1000/9340631?searchId=60af93ef07861
126,https://www.immoweb.be/en/classified/new-real-estate-project-apartments/for-sale/anderlecht/1070/9342674?searchId=60af93ef07861
127,https://www.immoweb.be/en/classified/apartment/for-sale/jette/1090/9340512?searchId=60af93ef07861
128,https://www.immoweb.be/en/classified/new-real-estate-project-apartments/for-sale/blankenberge/8370/9341688?searchId=60af93ef07861
129,https://www.immoweb.be/en/classified/new-real-estate-project-apartments/for-sale/jambes/5100/9342043?searchId=60af93ef07861
130,https://www.immoweb.be/en/classified/new-real-estate-project-apartments/for-sale/namur/5000/9342223?searchId=60af93ef07861
131,https://www.immoweb.be/en/classified/new-real-estate-project-apartments/for-sale/blankenberge/8370/9341694?searchId=60af93ef07861
132,https://www.immoweb.be/en/classified/new-real-estate-project-apartments/for-sale/gooik/1755/9342454?searchId=60af93ef07861
133,https://www.immoweb.be/en/classified/new-real-estate-project-apartments/for-sale/blankenberge/8370/9341716?searchId=60af93ef07861
134,https://www.immoweb.be/en/classified/new-real-estate-project-apartments/for-sale/lille/2275/9342612?searchId=60af93ef07861
135,https://www.immoweb.be/en/classified/new-real-estate-project-apartments/for-sale/wavre/1300/9342181?searchId=60af93fb3b5f8
136,https://www.immoweb.be/en/classified/new-real-estate-project-apartments/for-sale/jodoigne/1370/9340977?searchId=60af93fb3b5f8
137,https://www.immoweb.be/en/classified/new-real-estate-project-apartments/for-sale/mont-saint-guibert/1435/9342153?searchId=60af93fb3b5f8
138,https://www.immoweb.be/en/classified/new-real-estate-project-apartments/for-sale/mont-saint-guibert/1435/9342139?searchId=60af93fb3b5f8
139,https://www.immoweb.be/en/classified/apartment/for-sale/boutersem/3370/9340756?searchId=60af93fb3b5f8
140,https://www.immoweb.be/en/classified/new-real-estate-project-apartments/for-sale/ixelles/1050/9341181?searchId=60af93fb3b5f8
141,https://www.immoweb.be/en/classified/new-real-estate-project-apartments/for-sale/auderghem/1160/9342215?searchId=60af93fb3b5f8
142,https://www.immoweb.be/en/classified/apartment/for-sale/leuven/3000/9341429?searchId=60af93fb3b5f8
143,https://www.immoweb.be/en/classified/new-real-estate-project-apartments/for-sale/uccle/1180/9340602?searchId=60af93fb3b5f8
144,https://www.immoweb.be/en/classified/apartment/for-sale/auderghem/1160/9347291?searchId=60af93fb3b5f8
145,https://www.immoweb.be/en/classified/apartment/for-sale/leuven/3000/9350253?searchId=60af93fb3b5f8
146,https://www.immoweb.be/en/classified/apartment/for-sale/kraainem/1950/9349635?searchId=60af93fb3b5f8
147,https://www.immoweb.be/en/classified/apartment/for-sale/evere/1140/9338587?searchId=60af93fb3b5f8
148,https://www.immoweb.be/en/classified/new-real-estate-project-apartments/for-sale/braine-lalleud/1420/9338771?searchId=60af93fb3b5f8
149,https://www.immoweb.be/en/classified/new-real-estate-project-apartments/for-sale/ixelles/1050/9338841?searchId=60af93fb3b5f8
